{
	"foreign_ids": [
	],
	"mod_desc": {
		"author": "1000872134",
		"uuid": "2b96d66d-509b-475b-96fe-7fc131bc2b90",
		"version": "1" 
	},
	"property": {
		"ChunkCactus": 0,
		"ChunkCoralNum": [
			0,
			0,
			0,
			0,
			0,
			0,
			0,
			0 
		],
		"ChunkCorals": [
			314,
			315,
			316,
			317,
			318,
			319,
			320,
			0 
		],
		"ChunkDeadBush": 0,
		"ChunkDuckweed": 0,
		"ChunkFlowerNum": [
			0,
			0,
			0,
			0 
		],
		"ChunkFlowers": [
			300,
			301,
			302,
			303 
		],
		"ChunkGrass": [
			243,
			238,
			0,
			0 
		],
		"ChunkGrassNum": [
			0,
			0,
			0,
			0 
		],
		"ChunkMushroom": 0,
		"ChunkPumpkin": 0,
		"ChunkReeds": 0,
		"ChunkSeaPlantNum": [
			0,
			0,
			0,
			0 
		],
		"ChunkSeaPlants": [
			245,
			246,
			0,
			0 
		],
		"ChunkWaterlily": 0,
		"ChunkWatermelon": 0,
		"biomeMonster": [
			3400,
			3401,
			3402,
			3403,
			3404,
			3407,
			3409,
			3101,
			3102,
			3105,
			3107,
			3108,
			3109,
			3501,
			3502,
			3130,
			3131,
			3411,
			3412,
			3413,
			3414,
			3416,
			3418,
			3419,
			3507,
			3508,
			3120,
			3600,
			3602,
			3604,
			3605,
			3606,
			3607,
			3608,
			0,
			0,
			0,
			0,
			0,
			0,
			0,
			0,
			0,
			0,
			0,
			0,
			0,
			0 
		],
		"biomeMonsterNum": [
			0,
			0,
			0,
			100,
			0,
			0,
			400,
			1000,
			100,
			1000,
			100,
			0,
			300,
			100,
			0,
			0,
			0,
			0,
			50,
			0,
			0,
			0,
			0,
			0,
			200,
			25,
			15,
			0,
			0,
			1000,
			0,
			0,
			0,
			0,
			0,
			0,
			0,
			0,
			0,
			0,
			0,
			0,
			0,
			0,
			0,
			0,
			0,
			0 
		],
		"copyid": 16,
		"fillBlockId": 123,
		"fillDepth": 3,
		"geneRate": 0,
		"id": 66,
		"maxHeight": 1.2999999523163,
		"minHeight": 0.30000001192093,
		"parentId": 16,
		"topBlockId": 0 
	} 
} 
